{
  "Habitaciones disponibles" : {
    "transaction" : "Habitaciones disponibles",
    "sampleCount" : 1000,
    "errorCount" : 0,
    "errorPct" : 0.0,
    "meanResTime" : 1.8509999999999984,
    "medianResTime" : 2.0,
    "minResTime" : 1.0,
    "maxResTime" : 126.0,
    "pct1ResTime" : 3.0,
    "pct2ResTime" : 3.0,
    "pct3ResTime" : 4.0,
    "throughput" : 33.70975897522332,
    "receivedKBytesPerSec" : 9.95264173900219,
    "sentKBytesPerSec" : 6.188901061857408
  },
  "Reservar pista" : {
    "transaction" : "Reservar pista",
    "sampleCount" : 250,
    "errorCount" : 0,
    "errorPct" : 0.0,
    "meanResTime" : 8.424000000000001,
    "medianResTime" : 7.0,
    "minResTime" : 5.0,
    "maxResTime" : 174.0,
    "pct1ResTime" : 11.0,
    "pct2ResTime" : 12.0,
    "pct3ResTime" : 20.470000000000027,
    "throughput" : 12.781839562349814,
    "receivedKBytesPerSec" : 6.109819168924791,
    "sentKBytesPerSec" : 3.8944667416534586
  },
  "Total" : {
    "transaction" : "Total",
    "sampleCount" : 1500,
    "errorCount" : 22,
    "errorPct" : 1.4666667,
    "meanResTime" : 3.854666666666669,
    "medianResTime" : 2.0,
    "minResTime" : 1.0,
    "maxResTime" : 174.0,
    "pct1ResTime" : 8.0,
    "pct2ResTime" : 9.0,
    "pct3ResTime" : 12.0,
    "throughput" : 50.564638462834985,
    "receivedKBytesPerSec" : 15.036297246334064,
    "sentKBytesPerSec" : 11.928777599865162
  },
  "Reservar habitacion" : {
    "transaction" : "Reservar habitacion",
    "sampleCount" : 250,
    "errorCount" : 22,
    "errorPct" : 8.8,
    "meanResTime" : 7.299999999999997,
    "medianResTime" : 7.0,
    "minResTime" : 2.0,
    "maxResTime" : 41.0,
    "pct1ResTime" : 9.0,
    "pct2ResTime" : 10.449999999999989,
    "pct3ResTime" : 32.86000000000013,
    "throughput" : 13.022868156482783,
    "receivedKBytesPerSec" : 1.6307072719695785,
    "sentKBytesPerSec" : 4.901888967026098
  }
}